scopus_id,title,publication_name,issn,isbn,eissn,volume,page_range,cover_date,doi,citation_count,affiliation,aggregation_type,subtype_description,authors,full_text,year
105034437490,AI-driven demand forecasting for sustainable inventory model in fuzzy environment,Sustainable Futures,26661888,,,11,,2026-06-01,10.1016/j.sftr.2026.101752,0,"[{'name': 'Amity University', 'city': 'Noida', 'country': 'India'}]",Journal,Article,[],https://api.elsevier.com/content/article/eid/1-s2.0-S2666188826001103,2026
105040259877,"Triple A: How Analytics, AI, and Algorithms Are Improving Inventory Management in Healthcare",Logistics,,,23056290,10,,2026-05-01,10.3390/logistics10050103,0,"[{'name': 'North Carolina Agricultural and Technical State University', 'city': 'Greensboro', 'country': 'United States'}]",Journal,Review,[],,2026
105033878843,Seeing the Unseen: AI Assimilation and Supply–Demand Visibility for Effective Risk Management in Manufacturing Supply Chains,Systems,,,20798954,14,,2026-03-01,10.3390/systems14030300,0,"[{'name': 'Pusan National University', 'city': 'Busan', 'country': 'South Korea'}]",Journal,Article,[],,2026
105033896415,Artificial Neural Network Applications in Supply Chain Management: A Literature Review and Classification,Applied System Innovation,,,25715577,9,,2026-03-01,10.3390/asi9030055,0,"[{'name': 'Howard University', 'city': 'Washington, D.C.', 'country': 'United States'}]",Journal,Review,[],,2026
105033813504,Harnessing Artificial Intelligence for Sustainable Supply Chain Management,Role of AI in Sustainable Supply Chain Management,,"[{'@_fa': 'true', '$': '[9798337366456, 9798337366470]'}]",,,279-306,2026-01-01,10.4018/979-8-3373-6645-6.ch009,0,"[{'name': 'Saveetha Engineering College', 'city': 'Chennai', 'country': 'India'}]",Book,Book Chapter,[],,2026
105028156399,Revolutionizing Retail Supply Chains with AI and Cloud Computing: A Big Data Approach to Demand Forecasting and Logistics Optimization,Lecture Notes in Networks and Systems,23673370,"[{'@_fa': 'true', '$': '[9783032082428]'}]",23673389,1683 LNNS,271-283,2026-01-01,10.1007/978-3-032-08243-5_25,0,"[{'name': 'Natera, Inc', 'city': 'San Carlos', 'country': 'United States'}]",Book Series,Conference Paper,[],,2026
105020022944,Adoption of Artificial Intelligence in Supply Chains: A Business Perspective,Lecture Notes in Networks and Systems,23673370,"[{'@_fa': 'true', '$': '[9783032066107]'}]",23673389,1643 LNNS,3-14,2026-01-01,10.1007/978-3-032-06611-4_1,0,"[{'name': 'Uniwersytet Szczecinski', 'city': 'Szczecin', 'country': 'Poland'}]",Book Series,Conference Paper,[],,2026
105032362347,AI-Driven Innovations in Supply Chain Management: Enhancing Efficiency and Resilience,Revolutionizing Quick Commerce with AI Tools and Technologies,,"[{'@_fa': 'true', '$': '[9798337334868, 9798337334882]'}]",,,225-249,2026-01-01,10.4018/979-8-3373-3486-8.ch009,0,"[{'name': 'VEL TECH MULTITECH', 'city': 'Chennai', 'country': 'India'}]",Book,Book Chapter,[],,2026
105033838771,A Systematic Literature Review on Artificial Intelligence Applications for Pharmaceutical Supply Chain Performance,Role of AI in Sustainable Supply Chain Management,,"[{'@_fa': 'true', '$': '[9798337366456, 9798337366470]'}]",,,1-24,2026-01-01,10.4018/979-8-3373-6645-6.ch001,0,"[{'name': 'National School of Applied Sciences', 'city': 'Berrechid', 'country': 'Morocco'}]",Book,Book Chapter,[],,2026
105020265067,Optimizing Supply Chain Performance with AI: Case Studies and Trends (2018–2024),Lecture Notes in Networks and Systems,23673370,"[{'@_fa': 'true', '$': '[9783032015358]'}]",23673389,1584 LNNS,522-528,2026-01-01,10.1007/978-3-032-01536-5_79,0,"[{'name': 'Faculté des Sciences Aïn Chock', 'city': 'Casablanca', 'country': 'Morocco'}]",Book Series,Conference Paper,[],,2026
105040550761,Artificial Intelligence Algorithms in Optimization of Supply Chain Networks,2026 International Conference on Advances in Artificial Intelligence and Machine Learning Aaiml 2026,,"[{'@_fa': 'true', '$': '[9798331568061]'}]",,,860-864,2026-01-01,10.1109/AAIML67890.2026.11498185,0,"[{'name': 'Mapúa University', 'city': 'Manila', 'country': 'Philippines'}]",Conference Proceeding,Conference Paper,[],,2026
105038355675,Decision Support System for Inventory Management in Organizational Systems Based on Artificial Intelligence,Proceedings Icses 2026 5th International Conference on Innovative Computing Intelligent Communication and Smart Electrical Systems,,"[{'@_fa': 'true', '$': '[9798319543219]'}]",,,,2026-01-01,10.1109/ICSES66558.2026.11478950,0,"[{'name': 'Tikrit University', 'city': 'Tikrit', 'country': 'Iraq'}]",Conference Proceeding,Conference Paper,[],,2026
105020238414,The Role of Artificial Intelligence in Sustainable Food Retailing: A Pathway to Reducing Waste and Enhancing Efficiency,Mechanisms and Machine Science,22110984,"[{'@_fa': 'true', '$': '[9783031959622]'}]",22110992,185,503-513,2026-01-01,10.1007/978-3-031-95963-9_36,1,"[{'name': 'MEF University', 'city': 'Istanbul', 'country': 'Turkey'}]",Book Series,Conference Paper,[],,2026
105032348535,Transforming Logistics and Supply Chains With AI: Opportunities and Barriers,Revolutionizing Quick Commerce with AI Tools and Technologies,,"[{'@_fa': 'true', '$': '[9798337334868, 9798337334882]'}]",,,251-274,2026-01-01,10.4018/979-8-3373-3486-8.ch010,0,"[{'name': 'SRM Institute of Science and Technology', 'city': 'Kattankulathur', 'country': 'India'}]",Book,Book Chapter,[],,2026
105039719185,Smart Supply Chains: Leveraging AI and BI for Better Decision-Making in Logistics,Transforming Financial Management with AI Bi and Data Driven Decision Making,,"[{'@_fa': 'true', '$': '[9781805929123, 978-805929116, 9781805929130]'}]",,,181-205,2026-01-01,10.1108/978-1-80592-911-620261009,1,"[{'name': 'Aksaray Üniversitesi', 'city': 'Aksaray', 'country': 'Turkey'}]",Book,Book Chapter,[],,2026
105020254252,AI-Driven Optimization in Healthcare Supply Chains,Lecture Notes in Networks and Systems,23673370,"[{'@_fa': 'true', '$': '[9789819675074]'}]",23673389,1461 LNNS,421-430,2026-01-01,10.1007/978-981-96-7508-1_38,0,"[{'name': 'Datta Meghe Institute of Higher Education & Research (Deemed to be University)', 'city': 'Wardha', 'country': 'India'}]",Book Series,Conference Paper,[],,2026
105021216105,A Hybrid Generative AI Demand Forecasting Framework for Mitigating the Bullwhip Effect in Supply Chain Operations,Lecture Notes in Networks and Systems,23673370,"[{'@_fa': 'true', '$': '[9783032035264]'}]",23673389,1601 LNNS,460-472,2026-01-01,10.1007/978-3-032-03527-1_36,0,"[{'name': 'Thiagarajar College of Engineering', 'city': 'Madurai', 'country': 'India'}]",Book Series,Conference Paper,[],,2026
105025352477,AI-Blockchain synergy for resilient agricultural supply chains: an evolutionary game analysis,International Journal of Production Research,00207543,,1366588X,64,3244-3270,2026-01-01,10.1080/00207543.2025.2604309,3,"[{'name': 'Anhui University of Finance and Economics', 'city': 'Bengbu', 'country': 'China'}]",Journal,Article,[],,2026
105037788030,"AI Development, Governance, and Regulation in Food Distribution",Legal and Regulatory Impacts on AI Development,,"[{'@_fa': 'true', '$': '[9798337379968, 9798337379975, 9798337379982]'}]",,,95-116,2026-01-01,10.4018/979-8-3373-7996-8.ch003,0,"[{'name': 'Sotl Global Movement LLC', 'city': None, 'country': 'United States'}]",Book,Book Chapter,[],,2026
105038371718,Strategic-Tactical Integrated Planning in Blood Supply Chains,Lecture Notes in Business Information Processing,18651348,"[{'@_fa': 'true', '$': '[9783032251459]'}]",18651356,582 LNBIP,352-365,2026-01-01,10.1007/978-3-032-25146-6_23,0,"[{'name': 'Universidade Federal de Minas Gerais', 'city': 'Belo Horizonte', 'country': 'Brazil'}]",Book Series,Conference Paper,[],,2026
105035601411,Development of an AI Based Framework for Reverse Supply Chain of Pharmaceutical Products,Lecture Notes in Networks and Systems,23673370,"[{'@_fa': 'true', '$': '[9783032135544]'}]",23673389,1761 LNNS,145-155,2026-01-01,10.1007/978-3-032-13555-1_13,0,"[{'name': 'Christ University', 'city': 'Bengaluru', 'country': 'India'}]",Book Series,Conference Paper,[],,2026
105040383332,Rfqv-Based Demand Forecasting for Retail Stores,2026 2nd International Conference on Computing for Sustainability and Intelligent Future Comp Sif 2026,,"[{'@_fa': 'true', '$': '[9798331582739]'}]",,,,2026-01-01,10.1109/COMP-SIF69752.2026.11481906,0,"[{'name': 'Acharya Institute of Technology', 'city': 'Bengaluru', 'country': 'India'}]",Conference Proceeding,Conference Paper,[],,2026
105036286822,"AI-Based Framework for Demand Forecasting, Real-Time Stock Alert, and Automated Reordering in Supermarkets",De Gruyter Proceedings in Mathematics,29424801,"[{'@_fa': 'true', '$': '[9783112234945]'}]",29424828,,13-23,2026-01-01,10.1515/9783112234952-003,0,"[{'name': 'Anna University', 'city': 'Chennai', 'country': 'India'}]",Conference Proceeding,Conference Paper,[],,2026
105037815854,An Informatics-Enabled Logistics Service System for Cross-Border Medical E-Commerce: Evidence from China–Kyrgyzstan Collaboration,Journal of Logistics Informatics and Service Science,,,24092665,13,38-48,2026-01-01,10.33168/JLISS.2026.0503,0,"[{'name': 'Kyrgyz State University named after I. Arabaev', 'city': 'Bishkek', 'country': 'Kyrgyzstan'}]",Journal,Article,[],,2026
105034833511,AI-Powered Demand-Supply Matching: Enhancing Forecast Accuracy and Production Planning,7th International Conference on Mobile Computing and Sustainable Informatics Icmcsi 2026,,"[{'@_fa': 'true', '$': '[9798331555191]'}]",,,991-997,2026-01-01,10.1109/ICMCSI67283.2026.11412650,0,"[{'name': 'Nike', 'city': 'Beaverton', 'country': 'United States'}]",Conference Proceeding,Conference Paper,[],,2026
105026443646,Artificial intelligence optimizes supply chains in search of predictive and sustainable logistics,Proceedings of 2025 International Symposium on Artificial Intelligence and Computational Social Sciences Aicss 2025,,"[{'@_fa': 'true', '$': '[9798400721007]'}]",,,297-306,2025-12-19,10.1145/3776759.3776806,0,"[{'name': 'Universidad Continental', 'city': 'Huancayo', 'country': 'Peru'}]",Conference Proceeding,Conference Paper,[],,2025
105026568558,Research on the application and optimization of modern digital supply chains in the power grid material fulfillment supply chain,Proceedings of SPIE the International Society for Optical Engineering,0277786X,"[{'@_fa': 'true', '$': '[9781510698888]'}]",1996756X,13972,,2025-12-05,10.1117/12.3094328,0,"[{'name': 'Shenzhen Power Supply Co., Ltd.', 'city': 'Shenzhen', 'country': 'China'}]",Conference Proceeding,Conference Paper,[],,2025
105020267992,Research on supply chain collaboration mechanism of energy materials manufacturing industry driven by artificial,Microchemical Journal,0026265X,,,219,,2025-12-01,10.1016/j.microc.2025.115789,2,"[{'name': 'Chongqing Industry Polytechnic College', 'city': 'Chongqing', 'country': 'China'}]",Journal,Article,[],https://api.elsevier.com/content/article/eid/1-s2.0-S0026265X25031376,2025
105025718113,Sterile injectable products shortage in Saudi Arabia: a survey-based cross-sectional study,Saudi Pharmaceutical Journal,13190164,,,33,,2025-12-01,10.1007/s44446-025-00053-z,0,"[{'name': 'College of Pharmacy', 'city': 'Riyadh', 'country': 'Saudi Arabia'}]",Journal,Article,[],,2025
85207350670,Explainable artificial intelligence to improve the resilience of perishable product supply chains by leveraging customer characteristics,Annals of Operations Research,02545330,,15729338,354,103-142,2025-11-01,10.1007/s10479-024-06348-z,18,"[{'name': 'Indian Institute of Management Kashipur', 'city': 'Kashipur', 'country': 'India'}]",Journal,Article,[],,2025
105023302206,Analysis of the Potential Application of GenAI in Supply Chain Optimization Technology,Proceedings of 2025 International Conference on Generative Artificial Intelligence for Business Gaib 2025,,"[{'@_fa': 'true', '$': '[9798400716027]'}]",,,299-304,2025-10-31,10.1145/3766918.3766968,0,"[{'name': 'City University of Hong Kong', 'city': 'Hong Kong', 'country': 'Hong Kong'}]",Conference Proceeding,Conference Paper,[],,2025
105026334591,"A Review of Artificial Intelligence in Inventory Management: Methods, Applications and Directions",International Journal of Advanced Computer Science and Applications,2158107X,,21565570,16,915-928,2025-10-30,10.14569/IJACSA.2025.0161090,0,"[{'name': 'Guangxi Power Grid Co Ltd', 'city': 'Nanning', 'country': 'China'}]",Journal,Article,[],,2025
105024504186,"Digital Transformation in Supply Chain: Contemporary Applications, Strategic Contributions, and Emerging Challenges",Digital Transformation of Business World A Managerial Perspective,,"[{'@_fa': 'true', '$': '[9781836620471, 9781836620464]'}]",,,131-147,2025-10-20,10.1108/978-1-83662-046-420251009,0,"[{'name': 'Amity University', 'city': 'Noida', 'country': 'India'}]",Book,Book Chapter,[],,2025
105023120365,APPLICATIONS OF ARTIFICIAL INTELLIGENCE TOOLS IN LOGISTICS AND SUPPLY CHAIN MANAGEMENT,Logforum,18952038,,1734459X,21,531-542,2025-10-01,10.17270/J.LOG.001234,0,"[{'name': 'Szkola Glówna Gospodarstwa Wiejskiego w Warszawie', 'city': 'Warsaw', 'country': 'Poland'}]",Journal,Article,[],,2025
105021002218,Integrative Framework to Enhance Supply Chain Resilience through Advanced Forecasting Anomaly Detection and Optimized Resource Allocation,Proceedings of 10th International Conference on Cyber Security and Information Engineering Iccsie 2025,,"[{'@_fa': 'true', '$': '[9798400718632]'}]",,,40-44,2025-10-01,10.1145/3759179.3759185,0,"[{'name': 'Bentley University', 'city': 'Waltham', 'country': 'United States'}]",Conference Proceeding,Conference Paper,[],,2025
105022443952,Digitalization and optimization of dual use goods production using artificial intelligence,Proceedings of SPIE the International Society for Optical Engineering,0277786X,"[{'@_fa': 'true', '$': '[9781510694934]'}]",1996756X,13803,,2025-09-22,10.1117/12.3076575,0,"[{'name': 'Analytical Center', 'city': 'Moscow', 'country': 'Russian Federation'}]",Conference Proceeding,Conference Paper,[],,2025
105014191532,A survey of supply chain management modeling and optimization: Key problems and recent solutions,Science China Technological Sciences,16747321,,18691900,68,,2025-09-01,10.1007/s11431-024-2943-2,1,"[{'name': 'Beihang University', 'city': 'Beijing', 'country': 'China'}]",Journal,Review,[],,2025
105026172823,"Predictive Reliability-Driven Optimization of Spare Parts Management in Aircraft Fleets Using AI, IoT, and Digital Twin Technologies",Journal of Engineering Management and Systems Engineering,29583519,,29583527,4,218-236,2025-09-01,10.56578/jemse040305,7,"[{'name': 'Al-Rafidain University', 'city': 'Baghdad', 'country': 'Iraq'}]",Journal,Article,[],,2025
105017485533,The Changing Role of Logistics and Supply Chain in The Digital World,International Journal of Accounting and Economics Studies,,,23094508,12,885-892,2025-08-31,10.14419/v5xj8865,0,"[{'name': 'Aditya University', 'city': 'Surampalem', 'country': 'India'}]",Journal,Article,[],,2025
105017807107,Artificial Intelligence to Achieve Retail Supply Chain Resilience: A Systematic Review And Agenda For Future Research,Transformative Impact of AI in Supply Chain Management,,"[{'@_fa': 'true', '$': '[9798337309231, 9798337309255]'}]",,,25-64,2025-08-06,10.4018/979-8-3373-0923-1.ch002,0,"[{'name': 'Cranfield University', 'city': 'Cranfield', 'country': 'United Kingdom'}]",Book,Book Chapter,[],,2025
105017549336,Artificial Intelligence and the Future of Supply Chains: A Crossroads of Innovation and Disruption,Transformative Impact of AI in Supply Chain Management,,"[{'@_fa': 'true', '$': '[9798337309231, 9798337309255]'}]",,,295-316,2025-08-06,10.4018/979-8-3373-0923-1.ch012,1,"[{'name': 'Université Sidi Mohamed Ben Abdellah', 'city': 'Fez', 'country': 'Morocco'}]",Book,Book Chapter,[],,2025
105017671398,Transformative Impact of AI in Supply Chain Management,Transformative Impact of AI in Supply Chain Management,,"[{'@_fa': 'true', '$': '[9798337309231, 9798337309255]'}]",,,1-480,2025-08-06,10.4018/979-8-3373-0923-1,0,"[{'name': 'Université Sidi Mohamed Ben Abdellah', 'city': 'Fez', 'country': 'Morocco'}]",Book,Book,[],,2025
105013192139,Comparing demand forecast by supply chain network optimization model (SCNOM) with the regression model for improving efficiency in meeting demands,Aip Conference Proceedings,0094243X,,15517616,3300,,2025-07-30,10.1063/5.0277188,0,"[{'name': 'Saveetha School of Engineering', 'city': 'Chennai', 'country': 'India'}]",Conference Proceeding,Conference Paper,[],,2025
105013364083,Resolving challenges in materials requirements prediction through IOM and RM approaches,Aip Conference Proceedings,0094243X,,15517616,3300,,2025-07-30,10.1063/5.0277181,0,"[{'name': 'Saveetha School of Engineering', 'city': 'Chennai', 'country': 'India'}]",Conference Proceeding,Conference Paper,[],,2025
105012172161,Machine learning and artificial intelligence (AI) in manufacturing,Integrating Digital Innovation and Integrated Frameworks in Manufacturing,,"[{'@_fa': 'true', '$': '[9798337310824, 9798337310848]'}]",,,255-292,2025-07-11,10.4018/979-8-3373-1082-4.ch011,21,"[{'name': 'Universitas Esa Unggul', 'city': 'Jakarta', 'country': 'Indonesia'}]",Book,Book Chapter,[],,2025
105013951429,Leveraging AI for real-time inventory management in perishable goods supply chains,Modernizing the Food Industry AI Powered Infrastructure Security and Supply Chain Innovation,,"[{'@_fa': 'true', '$': '[9798337352886, 9798337352909]'}]",,,207-231,2025-07-09,10.4018/979-8-3373-5288-6.ch010,1,"[{'name': 'International Business Machines', 'city': 'Armonk', 'country': 'United States'}]",Book,Book Chapter,[],,2025
105013920410,Autonomous cloud infrastructure in the food industry: Leveraging AI for intelligent orchestration and monitoring,Modernizing the Food Industry AI Powered Infrastructure Security and Supply Chain Innovation,,"[{'@_fa': 'true', '$': '[9798337352886, 9798337352909]'}]",,,121-144,2025-07-09,10.4018/979-8-3373-5288-6.ch006,0,"[{'name': 'National Institutes of Health (NIH)', 'city': 'Bethesda', 'country': 'United States'}]",Book,Book Chapter,[],,2025
105018802155,Application of Reinforcement Learning to Improve Finished Goods Inventory Management: A Systematic Review,IFAC Papersonline,24058971,,24058963,59,841-846,2025-07-01,10.1016/j.ifacol.2025.09.143,1,"[{'name': 'Universidade Federal de Santa Catarina', 'city': 'Florianopolis', 'country': 'Brazil'}, {'name': 'Lsb Cronos Gestao de Producao Ltda (Lean Scheduling Brazil)', 'city': 'Santa Catarina', 'country': 'Brazil'}]",Conference Proceeding,Conference Paper,[],https://api.elsevier.com/content/article/eid/1-s2.0-S2405896325009048,2025
105003822197,AI-based low-altitude delivery fresh food supply Chain: Research progress and trends,Trends in Food Science and Technology,09242244,,,161,,2025-07-01,10.1016/j.tifs.2025.105056,11,"[{'name': 'Jiangnan University', 'city': 'Wuxi', 'country': 'China'}, {'name': 'Luohe Medical College', 'city': 'Luohe', 'country': 'China'}]",Journal,Review,[],https://api.elsevier.com/content/article/eid/1-s2.0-S092422442500192X,2025
105019092699,AI in Fashion System-Design to Customer Feedback,Journal of the Textile Association,03684636,,,86,133-140,2025-07-01,10.63665/jta.v86i2.3,0,"[{'name': 'National Institute of Fashion Technology', 'city': 'Kannur', 'country': 'India'}]",Journal,Article,[],,2025
105012916649,Industry 4.0 and AI transformation in food SCM,Impact of Generative AI on Food Supply Chain Management,,"[{'@_fa': 'true', '$': '[9798369398562, 9798369398586]'}]",,,1-20,2025-06-27,10.4018/979-8-3693-9856-2.ch001,1,"[{'name': 'Symbiosis Institute of Computer Studies and Research', 'city': 'Pune', 'country': 'India'}]",Book,Book Chapter,[],,2025
105008868302,Optimizing inventory management through AI-driven demand forecasting for improved supply chain responsiveness and accuracy,Aip Conference Proceedings,0094243X,,15517616,3306,,2025-06-05,10.1063/5.0275697,15,"[{'name': 'University of the Cumberlands', 'city': 'Williamsburg', 'country': 'United States'}]",Conference Proceeding,Conference Paper,[],,2025
105008868497,"International Conference on Modelling Strategies in Mathematics, ICMSM 2024",Aip Conference Proceedings,0094243X,,15517616,3306,,2025-06-05,,0,,Conference Proceeding,Conference Review,[],,2025
105018779383,Optimization Of Supply Chains and Marketing in The Agricultural Sector Using Innovative Technologies,Pakistan Journal of Agricultural Research,02510480,,22278311,38,32-43,2025-06-01,10.17582/journal.pjar/2025/38.4.32.43,0,"[{'name': 'Zarqa University', 'city': 'Zarqa', 'country': 'Jordan'}]",Journal,Article,[],,2025
105012147845,"Smart Supply Chains for Agricultural Products: Key Technologies, Research Progress and Future Direction",Smart Agriculture,20968094,,,7,1-16,2025-05-30,10.12133/j.smartag.SA202501006,2,"[{'name': ""Ministry of Agriculture of the People's Republic of China"", 'city': 'Beijing', 'country': 'China'}, {'name': 'Beijing Academy of Agriculture and Forestry Sciences', 'city': 'Beijing', 'country': 'China'}, {'name': 'National Engineering Laboratory for Agri-product Quality Traceability', 'city': 'Beijing', 'country': 'China'}]",Journal,Article,[],,2025
105005134593,Data science applications in sustainable supply chain,AI Enabled Sustainable Innovations in Education and Business,,"[{'@_fa': 'true', '$': '[9798337339528, 9798337339542]'}]",,,299-318,2025-04-24,10.4018/979-8-3373-3952-8.ch013,0,"[{'name': 'Expedia Group', 'city': 'Seattle', 'country': 'United States'}]",Book,Book Chapter,[],,2025
105002314907,Barriers to Visibility in Supply Chains: Challenges and Opportunities of Artificial Intelligence Driven by Industry 4.0 Technologies,Sustainability Switzerland,,,20711050,17,,2025-04-01,10.3390/su17072998,10,"[{'name': 'Universidade Estadual Paulista ""Júlio de Mesquita Filho""', 'city': 'Sao Paulo', 'country': 'Brazil'}]",Journal,Review,[],,2025
105001078129,Augmenting supply chain resilience through AI and big data,Business Process Management Journal,14637154,,,31,631-657,2025-03-14,10.1108/BPMJ-04-2024-0260,25,"[{'name': 'Thapar Institute of Engineering & Technology', 'city': 'Patiala', 'country': 'India'}]",Journal,Article,[],,2025
86000601293,AI Applications in Supply Chain Management: A Survey,Applied Sciences Switzerland,,,20763417,15,,2025-03-01,10.3390/app15052775,46,"[{'name': 'International Hellenic University', 'city': 'Thessaloniki', 'country': 'Greece'}]",Journal,Review,[],,2025
105007225910,Inventory Management with Artificial Intelligence (AI) and Internet of Things (IoT),Lecture Notes in Mechanical Engineering,21954356,"[{'@_fa': 'true', '$': '[9789819638130]'}]",21954364,,1-6,2025-01-01,10.1007/978-981-96-3814-7_1,0,"[{'name': 'Universiti Kebangsaan Malaysia', 'city': 'Bangi', 'country': 'Malaysia'}]",Book Series,Conference Paper,[],,2025
105030541761,Artificial Intelligence and the Supply Chain: An AHP Approach to Select the Best AI Tools,International Conference on Logistics Logistiqua,21667349,,21667373,,,2025-01-01,10.1109/LOGISTIQUA66323.2025.11122796,1,"[{'name': 'Hassan II University of Casablanca', 'city': 'Casablanca', 'country': 'Morocco'}]",Journal,Conference Paper,[],,2025
105007786457,Integrating Artificial Intelligence in Supply Chain: Enhancements and Challenges,2025 5th International Conference on Innovative Research in Applied Science Engineering and Technology Iraset 2025,,"[{'@_fa': 'true', '$': '[9798331532970]'}]",,,,2025-01-01,10.1109/IRASET64571.2025.11008164,1,"[{'name': 'Faculté des Sciences et Techniques de Fès, Université Sidi Mohamed Ben Abdellah', 'city': 'Fez', 'country': 'Morocco'}]",Conference Proceeding,Conference Paper,[],,2025
105008265590,Artificial Intelligence Application Scenarios Considering Objective and Subjective Influence Factors for Industrial Solutions in Supply Chain Management,Communications in Computer and Information Science,18650929,"[{'@_fa': 'true', '$': '[9783031942624]'}]",18650937,2513 CCIS,94-112,2025-01-01,10.1007/978-3-031-94263-1_7,0,"[{'name': 'Ostfalia Hochschule für Angewandte Wissenschaften- Hochschule Braunschweig/Wolfenbüttel', 'city': 'Wolfenbuttel', 'country': 'Germany'}]",Book Series,Conference Paper,[],,2025
105008172837,Applications of Artificial Intelligence (AI) Across Diverse Functional Areas in Supply Chain Management (SCM),Eco Logistics and Sustainable Supply Chain Innovations,,"[{'@_fa': 'true', '$': '[9798369361757, 9798369361771]'}]",,,1-11,2025-01-01,10.4018/9798369361757.ch001,0,"[{'name': 'Kristu Jayanti (Deemed to be University)', 'city': 'Bengaluru', 'country': 'India'}]",Book,Book Chapter,[],,2025
105014365324,Transforming Supply Chains with Artificial Intelligence: A Strategic Approach,Lecture Notes in Networks and Systems,23673370,"[{'@_fa': 'true', '$': '[9789819657506]'}]",23673389,1384 LNNS,25-32,2025-01-01,10.1007/978-981-96-5751-3_3,0,"[{'name': 'Datta Meghe Institute of Higher Education & Research (Deemed to be University)', 'city': 'Wardha', 'country': 'India'}]",Book Series,Conference Paper,[],,2025
105007157545,The Optimization Strategy and Application Practice of Business Management Supply Chain Based on Artificial Intelligence Technology,Procedia Computer Science,,,18770509,261,707-715,2025-01-01,10.1016/j.procs.2025.04.324,6,"[{'name': 'North China University of Technology', 'city': 'Beijing', 'country': 'China'}]",Conference Proceeding,Conference Paper,[],https://api.elsevier.com/content/article/eid/1-s2.0-S1877050925014267,2025
105011950164,Artificial Intelligence and IoT in Logistics management for the Intelligent Supply chain Management For The Future era,2025 International Conference on Computational Innovations and Engineering Sustainability Iccies 2025,,"[{'@_fa': 'true', '$': '[9798331536695]'}]",,,,2025-01-01,10.1109/ICCIES63851.2025.11032715,5,"[{'name': 'The Islamic University, Najaf', 'city': 'Najaf', 'country': 'Iraq'}]",Conference Proceeding,Conference Paper,[],,2025
105037431163,AI-Powered Inventory Management: Enhancing Forecast Accuracy and Operational Efficiency in Modern Supply Chains,Proceedings 2025 IEEE 1st International Conference on Smart Innovations in Systems Infrastructure Mechanical Power AI and Computing Technologies Sisimpact 2025,,"[{'@_fa': 'true', '$': '[9798331557874]'}]",,,541-547,2025-01-01,10.1109/SISIMPACT67725.2025.11439051,0,"[{'name': 'Chandigarh University', 'city': 'Mohali', 'country': 'India'}]",Conference Proceeding,Conference Paper,[],,2025
105002274288,"Integration of advanced Artificial Intelligence in Supply Chain Management, its Challenges and Opportunities",International Conference on Advanced Communication Technology Icact,17389445,"[{'@_fa': 'true', '$': '[9791188428137]'}]",,,426-430,2025-01-01,10.23919/ICACT63878.2025.10936759,2,"[{'name': 'Inje University', 'city': 'Gimhae', 'country': 'South Korea'}]",Conference Proceeding,Conference Paper,[],,2025
105006966909,Generative Artificial Intelligence and Its Transformative Power in Supply Chain Operations Management,Supply Chain Transformation Through Generative AI and Machine Learning,,"[{'@_fa': 'true', '$': '[9798369344330, 9798369344347]'}]",,,53-68,2025-01-01,10.4018/979-8-3693-4433-0.ch003,3,"[{'name': 'University of London', 'city': 'London', 'country': 'United Kingdom'}]",Book,Book Chapter,[],,2025
105040585870,Demand Forecasting in Supply Chains Using AI,2025 International Conference on Business Intelligence for Technology Innovation Icbiti 2025,,"[{'@_fa': 'true', '$': '[9798331538248]'}]",,,,2025-01-01,10.1109/ICBITI65527.2025.11500782,0,"[{'name': 'University of Sharjah', 'city': 'Sharjah', 'country': 'United Arab Emirates'}]",Conference Proceeding,Conference Paper,[],,2025
105014622090,The Use of Artificial Intelligence in Supply Chain Management: Systematic Literature Review and Future Research Directions,IEEE Access,,,21693536,13,157828-157841,2025-01-01,10.1109/ACCESS.2025.3603866,6,"[{'name': 'Universidade Federal de Itajubá', 'city': 'Itajuba', 'country': 'Brazil'}]",Journal,Review,[],,2025
105018026916,The Contribution of Artificial Intelligence in Transforming Supply Chain Ecosystem,Studies in Systems Decision and Control,21984182,,21984190,597,787-796,2025-01-01,10.1007/978-3-031-90271-0_56,0,"[{'name': 'Al Ain University', 'city': 'Al Ain', 'country': 'United Arab Emirates'}]",Book Series,Book Chapter,[],,2025
105004524801,Integration of Blockchain Technology and Explainable Artificial Intelligence in Supply Chains: Transforming Transparency and Efficiency,Explainable AI and Blockchain for Secure and Agile Supply Chains Enhancing Transparency Traceability and Accountability,,"[{'@_fa': 'true', '$': '[9781032803746, 9781040358443]'}]",,,47-62,2025-01-01,10.1201/9781003497363-4,1,"[{'name': 'Kazakh-British Technical University', 'city': 'Almaty', 'country': 'Kazakhstan'}]",Book,Book Chapter,[],,2025
105002447719,Simplification Process in Supply Chain Management Through Artificial Intelligence,4th International Conference on Sentiment Analysis and Deep Learning Icsadl 2025 Proceedings,,"[{'@_fa': 'true', '$': '[9798331523923]'}]",,,772-777,2025-01-01,10.1109/ICSADL65848.2025.10933240,2,"[{'name': 'Uttaranchal University', 'city': 'Dehradun', 'country': 'India'}]",Conference Proceeding,Conference Paper,[],,2025
105009397790,Reskilling Supply Chain Workforce for AI-Driven Service Marketing to Enhance Efficiency and Customer Engagement,Strategic Workforce Reskilling in Service Marketing,,"[{'@_fa': 'true', '$': '[9798337301648, 9798337301662]'}]",,,177-198,2025-01-01,10.4018/979-8-3373-0164-8.ch009,1,"[{'name': 'Vel Tech Rangarajan Dr.Sagunthala R&D Institute of Science and Technology', 'city': 'Chennai', 'country': 'India'}]",Book,Book Chapter,[],,2025
105014470672,Research on Upgrading and Optimizing Strategy of Dual-Channel Supply Chain of Fresh Agricultural Products Empowered by Digital Economy,Learning and Analytics in Intelligent Systems,26623447,,26623455,53,687-696,2025-01-01,10.1007/978-3-031-99477-7_55,0,"[{'name': 'City University of Macau', 'city': 'Taipa', 'country': 'Macao'}]",Book Series,Conference Paper,[],,2025
105017799756,EVOLUTION AND IMPACT OF ARTIFICIAL INTELLIGENCE IN SUSTAINABLE SUPPLY CHAIN MANAGEMENT: SYSTEMATIC REVIEW AND BIBLIOMETRIC ANALYSIS,Corporate Governance and Sustainability Review,25198971,,2519898X,9,217-230,2025-01-01,10.22495/cgsrv9i3sip3,1,"[{'name': 'Université Chouaib Doukkali', 'city': 'El Jadida', 'country': 'Morocco'}]",Journal,Article,[],,2025
105033482164,A Novel AI-based Smart Supply Chain Management System,2025 7th Computing Communications and Iot Applications Conference Comcomap 2025,,"[{'@_fa': 'true', '$': '[9798331591434]'}]",,,56-63,2025-01-01,10.1109/ComComAp68359.2025.11353151,0,"[{'name': 'School of Sciences and Engineering', 'city': 'New Cairo', 'country': 'Egypt'}]",Conference Proceeding,Conference Paper,[],,2025
105019316796,Enhancing Operational Efficiency in the Supply Chain: A Systematic Review on Artificial Intelligence Applications,Proceedings of the Laccei International Multi Conference for Engineering Education and Technology,,,24146390,,,2025-01-01,10.18687/LACCEI2025.1.1.1410,0,"[{'name': 'Universidad Tecnológica del Perú', 'city': 'Lima', 'country': 'Peru'}]",Conference Proceeding,Conference Paper,[],,2025
105007766344,Application of Artificial Intelligence in Cross-Border E-Commerce Inventory Management and Forecasting,Lecture Notes in Networks and Systems,23673370,"[{'@_fa': 'true', '$': '[9783031882937]'}]",23673389,1352 LNNS,73-81,2025-01-01,10.1007/978-3-031-88294-4_8,0,"[{'name': 'Guangdong Innovative Technical College', 'city': 'Dongguan', 'country': 'China'}]",Book Series,Conference Paper,[],,2025
105026284266,A Novel Optimized Hybrid LSTM-Based Dynamic Demand Forecasting Model for Resilient Supply Chains,2025 International Conference on Information Implementation and Innovation in Technology I2itcon 2025,,"[{'@_fa': 'true', '$': '[9798331534820]'}]",,,,2025-01-01,10.1109/I2ITCON65200.2025.11210705,0,"[{'name': 'Madanapalle Institute of Technology & Science', 'city': 'Madanapalle', 'country': 'India'}]",Conference Proceeding,Conference Paper,[],,2025
105014094177,"A Conceptual Study on Amazon’s Use of AI to Enhance Transparency in Its Supply Chain, Ensuring Sustainable and Ethical Sourcing and Distribution",Lecture Notes in Electrical Engineering,18761100,"[{'@_fa': 'true', '$': '[9789819643905]'}]",18761119,1400 LNEE,193-200,2025-01-01,10.1007/978-981-96-4391-2_21,0,"[{'name': 'Kristu Jayanti (Deemed to be University)', 'city': 'Bengaluru', 'country': 'India'}]",Book Series,Conference Paper,[],,2025
105003617097,AI-Powered Transformation: Revolutionizing Retail and CPG Supply Chains with Generative AI for Sustainability and Efficiency,Cutting Edge Solutions for Advancing Sustainable Development Exploring Technological Horizons for Sustainability Part 1,,"[{'@_fa': 'true', '$': '[9789815305555, 9789815305548]'}]",,,129-148,2025-01-01,10.2174/9789815305548125010009,0,"[{'name': 'Kraft Heinz Company', 'city': 'Chicago', 'country': 'United States'}]",Book,Book Chapter,[],,2025
105033545192,The Role of AI in Enhancing Supply Chain and Operations Management,Proceedings of International Conference on Digital Innovations for Sustainable Solutions Icdiss 2025,,"[{'@_fa': 'true', '$': '[9798331556419]'}]",,,,2025-01-01,10.1109/ICDISS68238.2025.11320742,0,"[{'name': 'Vignana Bharathi Institute of Technology', 'city': 'Hyderabad', 'country': 'India'}]",Conference Proceeding,Conference Paper,[],,2025
105018986133,Quantum Computing and Artificial Intelligence in Logistics and Supply Chain Management,Quantum Computing and Artificial Intelligence in Logistics and Supply Chain Management,,"[{'@_fa': 'true', '$': '[9781032798110, 9781040365243]'}]",,,1-458,2025-01-01,10.1201/9781003498292,1,"[{'name': 'Amity University Kolkata', 'city': 'Kolkata', 'country': 'India'}]",Book,Book,[],,2025
85213719421,Optimizing Supply Chain Resilience Using Advanced Analytics and Computational Intelligence Techniques,IEEE Access,,,21693536,13,18063-18078,2025-01-01,10.1109/ACCESS.2024.3523470,8,"[{'name': 'Universiti Sains Malaysia', 'city': 'Gelugor', 'country': 'Malaysia'}, {'name': 'School of Finance and Tourism', 'city': 'Chongqing', 'country': 'China'}]",Journal,Article,[],,2025
105011224510,Artificial intelligence applications in supply chain risk management for reliable operations,Risk Reliability and Resilience in Operations Management,,"[{'@_fa': 'true', '$': '[9780443298134, 9780443298127]'}]",,,183-200,2025-01-01,10.1016/B978-0-443-29812-7.00009-7,0,"[{'name': 'CMR University', 'city': 'Bengaluru', 'country': 'India'}]",Book,Book Chapter,[],https://api.elsevier.com/content/article/eid/3-s2.0-B9780443298127000097,2025
105040547988,Optimizing Logistics in Supply Chains Using AI,2025 International Conference on Business Intelligence for Technology Innovation Icbiti 2025,,"[{'@_fa': 'true', '$': '[9798331538248]'}]",,,,2025-01-01,10.1109/ICBITI65527.2025.11500831,0,"[{'name': 'Horizon University College', 'city': 'Ajman', 'country': 'United Arab Emirates'}]",Conference Proceeding,Conference Paper,[],,2025
105030453294,AI-Driven Supply Chain Optimization: A Hybrid CNN-BiLSTM and Financial Strategy Framework,2025 Multimedia University Engineering Conference Mecon 2025,,"[{'@_fa': 'true', '$': '[9798331555498]'}]",,,,2025-01-01,10.1109/MECON67253.2025.11276923,0,"[{'name': 'Central Michigan University', 'city': 'Mount Pleasant', 'country': 'United States'}]",Conference Proceeding,Conference Paper,[],,2025
105004517296,A Structural Treatise on the Effects of Explainable AI and Big Data Technologies on Supply Chain Management,Explainable AI and Blockchain for Secure and Agile Supply Chains Enhancing Transparency Traceability and Accountability,,"[{'@_fa': 'true', '$': '[9781032803746, 9781040358443]'}]",,,36-46,2025-01-01,10.1201/9781003497363-3,1,"[{'name': 'K L Deemed to be University', 'city': 'Vaddeswaram', 'country': 'India'}]",Book,Book Chapter,[],,2025
105037447626,"Generative AI in startup supply chains: A literature review on forecasting, inventory, and entrepreneurial performance",2025 IEEE International Conference on Advanced Technologies in Supply Chain Management Atscm 2025,,"[{'@_fa': 'true', '$': '[9798331567118]'}]",,,,2025-01-01,10.1109/ATSCM67505.2025.11473652,0,"[{'name': 'Université Sidi Mohamed Ben Abdellah', 'city': 'Fez', 'country': 'Morocco'}]",Conference Proceeding,Conference Paper,[],,2025
85210135452,How innovative technologies shape the future of pharmaceutical supply chains,Computers and Industrial Engineering,03608352,,,199,,2025-01-01,10.1016/j.cie.2024.110745,10,"[{'name': 'Université de Sousse', 'city': 'Sousse', 'country': 'Tunisia'}]",Journal,Short Survey,[],https://api.elsevier.com/content/article/eid/1-s2.0-S0360835224008672,2025
105038388062,Convergence of GenAI and RPA: A Digital Heaven in Supply Chain Optimization Process,Journal of Computer Science,15493636,,15526607,21,3089-3112,2025-01-01,10.3844/jcssp.2025.3089.3112,0,"[{'name': 'Cardinal Health', 'city': 'Dublin', 'country': 'United States'}]",Journal,Article,[],,2025
105007146701,"Sustainability, Supply Chain Management, and Machine Intelligence: Overcoming Challenges and Shaping the Future",Procedia Computer Science,,,18770509,258,993-1002,2025-01-01,10.1016/j.procs.2025.04.336,4,"[{'name': 'Indian Institute of Management Raipur', 'city': 'Raipur', 'country': 'India'}]",Conference Proceeding,Conference Paper,[],https://api.elsevier.com/content/article/eid/1-s2.0-S1877050925014383,2025
105034947170,The Furniture Industry's Use of Digital Supply Chain: A Sustainable Strategy for Growth and Efficiency,Proceedings 7th International Conference on Informatics Multimedia Cyber and Information System Icimcis 2025,,"[{'@_fa': 'true', '$': '[9798331579302]'}]",,,610-614,2025-01-01,10.1109/ICIMCIS68501.2025.11327315,0,"[{'name': 'Bina Nusantara University', 'city': 'Jakarta', 'country': 'Indonesia'}]",Conference Proceeding,Conference Paper,[],,2025
105025595644,"Digital transformation in supply chains: improving resilience and sustainability through AI, Blockchain, and IoT",Frontiers in Sustainability,,,26734524,6,,2025-01-01,10.3389/frsus.2025.1584580,10,"[{'name': 'NWU Business School', 'city': 'Potchefstroom', 'country': 'South Africa'}]",Journal,Review,[],,2025
105030843236,Towards Adaptive Inventory Systems - A Hybrid Machine Learning Framework for Seasonal Demand and Order Optimization,International Conference on Computer Science and Engineering Ubmk,,,25211641,,154-160,2025-01-01,10.1109/UBMK67458.2025.11206922,0,"[{'name': 'Universal Yazılım A.Ş.', 'city': 'Istanbul', 'country': 'Turkey'}]",Journal,Conference Paper,[],,2025
105012128960,Integration of IoT & Blockchain Using AI for Optimizing Multi-Echelon Inventory System,2025 3rd International Conference on Communication Security and Artificial Intelligence Iccsai 2025,,"[{'@_fa': 'true', '$': '[9798331536077]'}]",,,63-69,2025-01-01,10.1109/ICCSAI64074.2025.11063820,0,"[{'name': 'Amity University', 'city': 'Noida', 'country': 'India'}]",Conference Proceeding,Conference Paper,[],,2025
105032908061,Artificial Intelligence-Based Forecasting and Replenishment Strategies for Inventory Optimization,2025 IEEE 5th International Conference on ICT in Business Industry and Government Ictbig 2025,,"[{'@_fa': 'true', '$': '[9798331579814]'}]",,,,2025-01-01,10.1109/ICTBIG68706.2025.11323759,0,,Conference Proceeding,Conference Paper,[],,2025
105013916495,The Sustainable Supply Chain: AI for Transparency and Efficiency in Eco-Conscious Business Practices,Finance Innovation and Corporate Sustainability the Impact of Proactive Environmental Strategy on Firm Performance,,"[{'@_fa': 'true', '$': '[9781003501121, 9781040389638]'}]",,,311-223,2025-01-01,10.4324/9781003501121-20,1,"[{'name': 'K L Deemed to be University', 'city': 'Vaddeswaram', 'country': 'India'}]",Book,Book Chapter,[],,2025
105026840061,Applications and Prospects of Artificial Intelligence in the Food Industry,Journal of Chinese Institute of Food Science and Technology,10097848,,,25,397-412,2025-01-01,10.16429/j.1009-7848.2025.10.035,0,"[{'name': 'Jiangnan University', 'city': 'Wuxi', 'country': 'China'}]",Journal,Article,[],,2025
105012102519,Association Rule Mining for Optimizing Inventory Management in Retail: Improving Stock Control and Reducing Costs Using ML Model,2025 3rd International Conference on Communication Security and Artificial Intelligence Iccsai 2025,,"[{'@_fa': 'true', '$': '[9798331536077]'}]",,,855-859,2025-01-01,10.1109/ICCSAI64074.2025.11064120,2,"[{'name': 'CVR College of Engineering', 'city': 'Ibrahimpatnam', 'country': 'India'}]",Conference Proceeding,Conference Paper,[],,2025
105007562695,Enhancing supply chain resilience: The impact of 4.0 technologies,Journal of Transport and Supply Chain Management,23108789,,19955235,19,,2025-01-01,10.4102/jtscm.v19i0.1107,2,"[{'name': 'Università degli Studi di Genova', 'city': 'Genoa', 'country': 'Italy'}]",Journal,Article,[],,2025
105019300493,Systematic review on the inclusion of technological tools in the Health Sector Supply Chain (CSSS),Proceedings of the Laccei International Multi Conference for Engineering Education and Technology,,,24146390,,,2025-01-01,10.18687/LACCEI2025.1.1.1596,0,"[{'name': 'Universidad Tecnológica del Perú', 'city': 'Lima', 'country': 'Peru'}]",Conference Proceeding,Conference Paper,[],,2025
105021817803,Agentic AI-Driven Optimizing Demand Forecasting in Retail Systems with AI-Based Predictive Analytics,2025 International Conference on Artificial Intelligence and Machine Vision Aimv 2025,,"[{'@_fa': 'true', '$': '[9798331526979]'}]",,,,2025-01-01,10.1109/AIMV66517.2025.11203602,0,"[{'name': 'Jamia Millia Islamia', 'city': 'New Delhi', 'country': 'India'}]",Conference Proceeding,Conference Paper,[],,2025
105019225603,Innovating Supply Chain Strategies: A Study of Strategic Flaws and Technological Gap in Supply Chain Management,Iise Annual Conference and Expo 2025 Conference Proceedings,,,,,119-124,2025-01-01,10.21872/2025IISE_5157,0,"[{'name': 'New York University', 'city': 'New York', 'country': 'United States'}]",Conference Proceeding,Conference Paper,[],,2025
105003633379,Enhancing the Reliability of Kanban Systems with AI Tools in the Automotive Sector: A Case Study,Sustainable Civil Infrastructures,23663405,"[{'@_fa': 'true', '$': '[9783031867040]'}]",23663413,,521-529,2025-01-01,10.1007/978-3-031-86705-7_49,0,"[{'name': 'Hassan II University of Casablanca', 'city': 'Casablanca', 'country': 'Morocco'}]",Book Series,Conference Paper,[],,2025
105013621977,Revolutionizing MSME Operations with DSILN,Proceedings of the 6th International Conference on Inventive Research in Computing Applications Icirca 2025,,"[{'@_fa': 'true', '$': '[9798331521424]'}]",,,1634-1638,2025-01-01,10.1109/ICIRCA65293.2025.11089609,0,"[{'name': 'Karpagam Institute of Technology', 'city': 'Coimbatore', 'country': 'India'}]",Conference Proceeding,Conference Paper,[],,2025
105035830036,Construction and Emergency Response Application of Knowledge Graph,Proceedings 2025 IEEE Smart World Congress Swc 2025 2025 IEEE Ubiquitous Intelligence and Computing Autonomous and Trusted Computing Digital Twin Metaverse Scalable Computing and Communications,,"[{'@_fa': 'true', '$': '[9798331575984]'}]",,,967-974,2025-01-01,10.1109/SWC65939.2025.00157,0,"[{'name': 'Lanzhou University of Finance and Economics', 'city': 'Lanzhou', 'country': 'China'}]",Conference Proceeding,Conference Paper,[],,2025
105025629491,Artificial Intelligence Technologies in Agriculture,Agritech Revolution Next Gen Solutions and Challenges in Modern Agriculture,,"[{'@_fa': 'true', '$': '[9789819512676, 9789819512683]'}]",,,371-396,2025-01-01,10.1007/978-981-95-1268-3_19,0,"[{'name': 'Narendra Deva University of Agriculture and Technology', 'city': 'Faizabad', 'country': 'India'}]",Book,Book Chapter,[],,2025
105040557850,AI-Driven Inventory Optimization in Supply Chains,2025 International Conference on Business Intelligence for Technology Innovation Icbiti 2025,,"[{'@_fa': 'true', '$': '[9798331538248]'}]",,,,2025-01-01,10.1109/ICBITI65527.2025.11500904,0,"[{'name': 'Taibah University', 'city': 'Medina', 'country': 'Saudi Arabia'}]",Conference Proceeding,Conference Paper,[],,2025
85215706202,Sustainable Cold Chain Management: An Evaluation of Predictive Waste Management Models,Applied Sciences Switzerland,,,20763417,15,,2025-01-01,10.3390/app15020770,17,"[{'name': 'Leeds Business School', 'city': 'Leeds', 'country': 'United Kingdom'}]",Journal,Article,[],,2025
86000497751,AI-ML Applications in Agriculture and Food Processing,Sustainable Development Goals Series,25233084,,25233092,Part F102,21-37,2025-01-01,10.1007/978-3-031-76758-6_2,6,"[{'name': 'Kalinga Institute of Industrial Technology, Bhubaneswar', 'city': 'Bhubaneswar', 'country': 'India'}]",Book Series,Book Chapter,[],,2025
105036197932,AI-Driven Models for Inventory Optimization in Smart Factories,Proceedings of the 2025 3rd International Conference on Advances in Computation Communication and Information Technology Icaiccit 2025,,"[{'@_fa': 'true', '$': '[9798331577674]'}]",,,908-914,2025-01-01,10.1109/ICAICCIT68829.2025.11434309,0,"[{'name': 'Symbiosis Institute of Computer Studies and Research', 'city': 'Pune', 'country': 'India'}]",Conference Proceeding,Conference Paper,[],,2025
105032870196,A Multi-Objective Framework for Inventory Digitalization Using AI and IoT,2025 IEEE 5th International Conference on ICT in Business Industry and Government Ictbig 2025,,"[{'@_fa': 'true', '$': '[9798331579814]'}]",,,,2025-01-01,10.1109/ICTBIG68706.2025.11323600,0,"[{'name': 'Symbiosis Institute of Computer Studies and Research', 'city': 'Pune', 'country': 'India'}]",Conference Proceeding,Conference Paper,[],,2025
105009228681,Implementing AI for Dynamic Demand Forecasting in Lean Healthcare Logistics: A Case Study Approach,Lecture Notes in Bioengineering,2195271X,"[{'@_fa': 'true', '$': '[9783031829222]'}]",21952728,,269-282,2025-01-01,10.1007/978-3-031-82923-9_26,0,"[{'name': 'The Islamia University of Bahawalpur', 'city': 'Bahawalpur', 'country': 'Pakistan'}]",Book Series,Conference Paper,[],,2025
105029865129,IoT-Enabled Inventory Tracking and Demand Forecasting in Online Marketplaces,2025 12th International Conference on Reliability Infocom Technologies and Optimization Trends and Future Directions Icrito 2025,,"[{'@_fa': 'true', '$': '[9798331554217]'}]",,,,2025-01-01,10.1109/ICRITO66076.2025.11241232,0,"[{'name': 'G. Pullaiah College of Engineering and Technology', 'city': 'Kurnool', 'country': 'India'}]",Conference Proceeding,Conference Paper,[],,2025
105035838574,Robotic Process Automation in Industry 4.0: Optimizing Manufacturing and Logistics,2025 3rd International Conference on Iot Communication and Automation Technology Icicat 2025,,"[{'@_fa': 'true', '$': '[9798331559021]'}]",,,,2025-01-01,10.1109/ICICAT68430.2025.11414689,0,"[{'name': 'Emporia State University', 'city': 'Emporia', 'country': 'United States'}]",Conference Proceeding,Conference Paper,[],,2025
85213047589,Enhancing Supply Chain Resilience Through Artificial Intelligence: Developing a Comprehensive Conceptual Framework for AI Implementation and Supply Chain Optimization,Logistics,,,23056290,8,,2024-12-01,10.3390/logistics8040111,104,"[{'name': 'Université Hassan 1er', 'city': 'Settat', 'country': 'Morocco'}]",Journal,Article,[],,2024
85198295712,Does disruptive technology and AI (Artificial Intelligence) influence logistics management?,Multidisciplinary Science Journal,,,26751240,6,,2024-12-01,10.31893/multiscience.2024259,12,"[{'name': 'Vellore Institute of Technology', 'city': 'Vellore', 'country': 'India'}]",Journal,Article,[],,2024
85195315311,"ChatGPT in supply chains: exploring potential applications, benefits and challenges",Journal of Manufacturing Technology Management,1741038X,,,35,1293-1312,2024-11-18,10.1108/JMTM-02-2024-0075,27,"[{'name': 'The University of Southern Mississippi', 'city': 'Hattiesburg', 'country': 'United States'}]",Journal,Article,[],https://api.elsevier.com/content/article/eid/1-s2.0-S1741038X24000324,2024
105004527283,Optimizing supply chain with AI-powered BI systems,AI Powered Business Intelligence for Modern Organizations,,"[{'@_fa': 'true', '$': '[9798369388440, 9798369388464]'}]",,,159-180,2024-10-01,10.4018/979-8-3693-8844-0.ch007,0,"[{'name': 'VIT-AP University', 'city': 'Amaravati', 'country': 'India'}]",Book,Book Chapter,[],,2024
85203847623,Research on the application of artificial intelligence technology in supply chain management,E3s Web of Conferences,25550403,,22671242,565,,2024-09-09,10.1051/e3sconf/202456503017,1,"[{'name': 'Guangdong Neusoft University', 'city': 'Foshan', 'country': 'China'}]",Conference Proceeding,Conference Paper,[],,2024
85203719872,"The Role and Impact of Artificial Intelligence on Supply Chain Management: Efficiency, Challenges, and Strategic Implementation",Journal of Ecohumanism,27526798,,27526801,3,89-106,2024-08-03,10.62754/joe.v3i4.3461,28,"[{'name': 'Lusail University', 'city': 'Lusail', 'country': 'Qatar'}]",Journal,Article,[],,2024
85204335834,AI-driven inventory management for optimizing operations with quantum computing,Quantum Computing and Supply Chain Management A New Era of Optimization,,"[{'@_fa': 'true', '$': '[9798369341070, 9798369341087]'}]",,,125-140,2024-07-23,10.4018/979-8-3693-4107-0.ch009,13,"[{'name': 'BlueYonder Inc.', 'city': None, 'country': 'United States'}]",Book,Book Chapter,[],,2024
85209805457,The duality of artificial intelligence in supply chain sustainability: a narrative review,European Public and Social Innovation Review,,,25299824,9,,2024-06-28,10.31637/epsir-2024-552,4,"[{'name': 'Corporación Universitaria de Asturias', 'city': 'Carrera', 'country': 'Colombia'}]",Journal,Article,[],,2024
85199632077,A review on the adoption of AI-powered supply chain and logistics management for effective organizational performance in smes in India,Cross Industry AI Applications,,"[{'@_fa': 'true', '$': '[9798369359518, 9798369359532]'}]",,,60-72,2024-06-17,10.4018/979-8-3693-5951-8.ch005,2,"[{'name': 'Jain University', 'city': 'Ramanagar (D)', 'country': 'India'}]",Book,Book Chapter,[],,2024
85188218422,Enhancing Supply Chain Resilience and Efficiency through Fuzzy Logic-based Decision-Making Automation in Volatile Environments,Ingenierie Des Systemes D Information,16331311,,21167125,29,191-203,2024-02-01,10.18280/isi.290120,14,,Journal,Article,[],,2024
85203393187,Artificial Intelligence in Supply Chain Management: Trends and Implications,Nanotechnology Perceptions,16606795,,22352074,20,1113-1120,2024-01-01,10.62441/nano-ntp.v20iS7.91,6,"[{'name': 'REVA University', 'city': 'Bengaluru', 'country': 'India'}]",Journal,Article,[],,2024
105027486723,Optimizing Demand Forecasting and Inventory Management With AI-Driven Solutions,Innovations in Green and Energy Efficient Warehousing,,"[{'@_fa': 'true', '$': '[9798337331768, 9798337331782]'}]",,,111-134,2024-01-01,10.4018/979-8-3373-3176-8_5,0,"[{'name': 'Panimalar Engineering College', 'city': 'Chennai', 'country': 'India'}]",Book,Book Chapter,[],,2024
85184254709,Generative artificial intelligence in supply chain and operations management: a capability-based framework for analysis and implementation,International Journal of Production Research,00207543,,1366588X,62,6120-6145,2024-01-01,10.1080/00207543.2024.2309309,328,"[{'name': 'MIT Center for Transportation & Logistics', 'city': 'Cambridge', 'country': 'United States'}]",Journal,Article,[],,2024
85175162115,Supply Chain Decision-Making Using Artificial Intelligence and Data Analytics,Environmental Footprints and Eco Design of Products and Processes,23457651,,2345766X,Part F1487,25-34,2024-01-01,10.1007/978-981-99-4819-2_2,3,"[{'name': 'University of the West of England', 'city': 'Bristol', 'country': 'United Kingdom'}]",Book Series,Book Chapter,[],,2024
85206650017,Integrating Artificial Intelligence with Information Systems in Healthcare Supply Chain Management,Studies in Computational Intelligence,1860949X,,18609503,1166,367-374,2024-01-01,10.1007/978-3-031-65038-3_29,0,"[{'name': 'Faculté des Sciences Rabat', 'city': 'Rabat', 'country': 'Morocco'}, {'name': 'SIST British University', 'city': 'Tangier', 'country': 'Morocco'}]",Book Series,Book Chapter,[],,2024
85202125927,Understanding Artificial Intelligence in Supply Chain and Innovation Performance,Human Perspectives of Industry 4 0 Organizations Reviewing Sustainable Performance,,"[{'@_fa': 'true', '$': '[9781032598628, 9781040093948]'}]",,,131-154,2024-01-01,10.1201/9781032616810-7,4,"[{'name': 'University of Central Punjab', 'city': 'Lahore', 'country': 'Pakistan'}]",Book,Book Chapter,[],,2024
105008858541,Navigating Challenges and Leveraging Future Trends in AI and Machine Learning for Supply Chains,AI and Machine Learning Applications in Supply Chains and Marketing,,"[{'@_fa': 'true', '$': '[9798369367605, 9798369367629]'}]",,,257-282,2024-01-01,10.4018/979-8-3693-6760-5.ch0011,7,"[{'name': 'Superior School of Technology', 'city': 'Berrechid', 'country': 'Morocco'}]",Book,Book Chapter,[],,2024
105016104085,Revolutionizing Retail Operations: Srinivas's AI-Driven Approach to Demand Forecasting and Seamless Supply Chain Management,Utilitas Mathematica,03153681,,,121,489-500,2024-01-01,,0,"[{'name': 'BVRIT Hyderabad College of Engineering for Women', 'city': 'Hyderabad', 'country': 'India'}]",Journal,Article,[],,2024
85207154631,Revolutionizing Supply Chain Management With AI: A Path to Efficiency and Sustainability,IEEE Access,,,21693536,12,188245-188255,2024-01-01,10.1109/ACCESS.2024.3474531,26,"[{'name': 'Al Maaref University', 'city': 'Beirut', 'country': 'Lebanon'}]",Journal,Article,[],,2024
105011827102,Optimization of Green Finance Using AI and Blockchain in Inventory Management,2024 International Conference on Smart Technologies for Sustainable Development Goals Icstsdg 2024,,"[{'@_fa': 'true', '$': '[9798331516284]'}]",,,,2024-01-01,10.1109/ICSTSDG61998.2024.11026756,5,"[{'name': 'Graphic Era (Deemed to be University)', 'city': 'Dehradun', 'country': 'India'}]",Conference Proceeding,Conference Paper,[],,2024
85210865295,Innovative Applications of AI for Sustainable Supply Chain Management in Environmental Conservation,Artificial Intelligence and Machine Learning for Sustainable Development Innovations Challenges and Applications,,"[{'@_fa': 'true', '$': '[9781032778358, 9781040228777]'}]",,,158-171,2024-01-01,10.1201/9781003497189-12,2,"[{'name': 'Fisker Inc.', 'city': 'Los Angeles', 'country': 'United States'}]",Book,Book Chapter,[],,2024
105008850577,Integrating AI and Machine Learning Into Supply Chain and Marketing: A Strategic Approach,AI and Machine Learning Applications in Supply Chains and Marketing,,"[{'@_fa': 'true', '$': '[9798369367605, 9798369367629]'}]",,,189-218,2024-01-01,10.4018/979-8-3693-6760-5.ch008,0,"[{'name': 'BMS Institute of Technology and Management', 'city': 'Bengaluru', 'country': 'India'}]",Book,Book Chapter,[],,2024
85216581349,Examining the integration of artificial intelligence in supply chain management from Industry 4.0 to 6.0: a systematic literature review,Frontiers in Artificial Intelligence,,,26248212,7,,2024-01-01,10.3389/frai.2024.1477044,62,,Journal,Review,[],,2024
85189791150,Distributed Artificial Intelligence Application in Agri-food Supply Chains 4.0,Procedia Computer Science,,,18770509,232,211-220,2024-01-01,10.1016/j.procs.2024.01.021,25,"[{'name': 'University of Tehran', 'city': 'Tehran', 'country': 'Iran'}]",Conference Proceeding,Conference Paper,[],https://api.elsevier.com/content/article/eid/1-s2.0-S1877050924000218,2024
105011825044,AI-Based Mathematical Modelling for Sustainable Business and Inventory Management,2024 International Conference on Smart Technologies for Sustainable Development Goals Icstsdg 2024,,"[{'@_fa': 'true', '$': '[9798331516284]'}]",,,,2024-01-01,10.1109/ICSTSDG61998.2024.11026392,6,"[{'name': 'Graphic Era (Deemed to be University)', 'city': 'Dehradun', 'country': 'India'}]",Conference Proceeding,Conference Paper,[],,2024
85203227169,"A review of computational tools, techniques, and methods for sustainable supply chains",Computational Intelligence Techniques for Sustainable Supply Chain Management,,"[{'@_fa': 'true', '$': '[9780443184659, 9780443184642]'}]",,,1-26,2024-01-01,10.1016/B978-0-443-18464-2.00008-X,3,"[{'name': 'Griffith University', 'city': 'Brisbane', 'country': 'Australia'}, {'name': 'UTS Business School', 'city': 'Sydney', 'country': 'Australia'}]",Book,Book Chapter,[],https://api.elsevier.com/content/article/eid/3-s2.0-B978044318464200008X,2024
105003260046,ANALYSING THE INTEGRATION OF MARKETING STRATEGIES AND SUPPLY CHAIN READINESS,Proceedings of International Conference on Computers and Industrial Engineering CIE,,,21648689,2024-December,797-806,2024-01-01,,0,"[{'name': 'Griffith Business School', 'city': 'Brisbane', 'country': 'Australia'}]",Conference Proceeding,Conference Paper,[],,2024
85207539361,Future ahead for supply chain management,Supply Chain Management Strategic Implementation in Manufacturing,,"[{'@_fa': 'true', '$': '[9781032481005, 9781040113943]'}]",,,283-309,2024-01-01,10.1201/9781003509561-15,0,"[{'name': 'Pranveer Singh Institute of Technology', 'city': 'Kanpur', 'country': 'India'}]",Book,Book Chapter,[],,2024
105000780133,"An Overview of Optimized Inventory Management Models in Technology Companies: Historical Developments, Practical Applications, and AI-Driven Approaches",Acai 2024 2024 7th International Conference on Algorithms Computing and Artificial Intelligence,,"[{'@_fa': 'true', '$': '[9798331529314]'}]",,,,2024-01-01,10.1109/ACAI63924.2024.10899588,0,"[{'name': 'Ural Federal University', 'city': 'Yekaterinburg', 'country': 'Russian Federation'}]",Conference Proceeding,Conference Paper,[],,2024
85219635028,Navigating the Future: AI-Driven Healthcare Supply Chains,Integrated Science,26629461,,2662947X,27,553-570,2024-01-01,10.1007/978-3-031-70292-1_26,4,"[{'name': 'Boeing Corporation', 'city': 'Chicago', 'country': 'United States'}]",Book Series,Book Chapter,[],,2024
105004560037,Leveraging Reinforcement Learning and Blockchain Technology for Enhanced Supply Chain Management Efficiency and Transparency,2nd IEEE International Conference on Innovations in High Speed Communication and Signal Processing Ihcsp 2024,,"[{'@_fa': 'true', '$': '[9798350368949]'}]",,,,2024-01-01,10.1109/IHCSP63227.2024.10960012,0,"[{'name': 'Saveetha School of Law', 'city': 'Chennai', 'country': 'India'}]",Conference Proceeding,Conference Paper,[],,2024
85197917609,Sales Forecasting Based on Time Series Analysis,Proceedings of 2024 International Conference on Science Technology Engineering and Management Icstem 2024,,"[{'@_fa': 'true', '$': '[9798350376913]'}]",,,,2024-01-01,10.1109/ICSTEM61137.2024.10560659,3,"[{'name': 'Sri Krishna College of Engineering and Technology Coimbatore', 'city': 'Coimbatore', 'country': 'India'}]",Conference Proceeding,Conference Paper,[],,2024
85187886586,Prediction of Intermittent Demand Occurrence using Machine Learning,Eai Endorsed Transactions on Internet of Things,,,24141399,10,,2024-01-01,10.4108/eetiot.5381,12,"[{'name': 'REVA University', 'city': 'Bengaluru', 'country': 'India'}]",Journal,Article,[],,2024
85191146291,Research on the Application of Artificial Intelligence Technology in Material Support,ACM International Conference Proceeding Series,,"[{'@_fa': 'true', '$': '[9798400708954]'}]",,,15-18,2023-10-13,10.1145/3640771.3640776,0,"[{'name': 'Army Logistics Academy', 'city': 'Chongqing', 'country': 'China'}]",Conference Proceeding,Conference Paper,[],,2023
85179152297,Research of the use of digital technologies in the logistics of the poultry subcomplex,Bio Web of Conferences,22731709,,21174458,67,,2023-09-18,10.1051/bioconf/20236702030,0,"[{'name': 'Ural State University of Economics', 'city': 'Yekaterinburg', 'country': 'Russian Federation'}]",Conference Proceeding,Conference Paper,[],,2023
85148086476,A generic decision support framework for inventory procurement planning in distribution centres,Computers and Industrial Engineering,03608352,,,177,,2023-03-01,10.1016/j.cie.2023.109057,9,"[{'name': 'Stellenbosch University', 'city': 'Stellenbosch', 'country': 'South Africa'}]",Journal,Article,[],https://api.elsevier.com/content/article/eid/1-s2.0-S0360835223000815,2023
85147391775,Role of AI in the inventory management of agri-fresh produce at HOPCOMS,Advanced Machine Learning Algorithms for Complex Financial Applications,,"[{'@_fa': 'true', '$': '[9781668444832, 9781668444856]'}]",,,115-131,2023-01-09,10.4018/978-1-6684-4483-2.ch008,0,"[{'name': 'Christ University', 'city': 'Bengaluru', 'country': 'India'}]",Book,Book Chapter,[],,2023
85156102923,Using Artificial Intelligence in Health and Medical Supply Chains,Accounting Finance Sustainability Governance and Fraud,25097873,,25097881,,63-78,2023-01-01,10.1007/978-981-99-1818-8_6,0,"[{'name': 'Kirikkale Üniversitesi', 'city': 'Kirikkale', 'country': 'Turkey'}]",Book Series,Book Chapter,[],,2023
85199533481,Exploring the Thematic Clusters of Artificial Intelligence Applications in Supply Chains Using Topic Modelling and Text Mining: A Machine Learning Insight,Proceedings of the 4th IEEE International Conference on Smart Technologies in Computing Electrical and Electronics Icstcee 2023,,"[{'@_fa': 'true', '$': '[9798350384628]'}]",,,,2023-01-01,10.1109/ICSTCEE60504.2023.10584847,1,"[{'name': 'O.P. Jindal Global University', 'city': 'Sonipat', 'country': 'India'}]",Conference Proceeding,Conference Paper,[],,2023
85190261197,Review on the Applications of AI in Laboratory Experiments in Supply Chain Management Education,2023 4th International Conference on Computers and Artificial Intelligence Technology Cait 2023,,"[{'@_fa': 'true', '$': '[9798350326710]'}]",,,110-114,2023-01-01,10.1109/CAIT59945.2023.10468956,1,"[{'name': 'Liverpool Hope University', 'city': 'Liverpool', 'country': 'United Kingdom'}]",Conference Proceeding,Conference Paper,[],,2023
85187345402,AI-Driven Optimization of Supply Chain and Logistics in Mechanical Engineering,2023 10th IEEE Uttar Pradesh Section International Conference on Electrical Electronics and Computer Engineering Upcon 2023,,"[{'@_fa': 'true', '$': '[9798350382471]'}]",,,1611-1616,2023-01-01,10.1109/UPCON59197.2023.10434905,46,"[{'name': 'Apex Professional University', 'city': 'Pasighat', 'country': 'India'}]",Conference Proceeding,Conference Paper,[],,2023
85178298993,The Impact of Machine Learning (ML) Optimization of supply chain management domain,2023 3rd International Conference on Advance Computing and Innovative Technologies in Engineering Icacite 2023,,"[{'@_fa': 'true', '$': '[9798350399264]'}]",,,932-936,2023-01-01,10.1109/ICACITE57410.2023.10182817,5,"[{'name': 'JNTUK University College of Engineering Kakinada', 'city': 'Kakinada', 'country': 'India'}]",Conference Proceeding,Conference Paper,[],,2023
85182981898,Big Data Analytics and AI for Green Supply Chain Integration and Sustainability in Hospitals,Wseas Transactions on Environment and Development,17905079,,22243496,19,1218-1230,2023-01-01,10.37394/232015.2023.19.111,48,"[{'name': 'Luminus Technical University College', 'city': 'Amman', 'country': 'Jordan'}]",Journal,Article,[],,2023
85195119997,Revolutionizing Retail: Empowering Personalized Shopping with Advanced Algorithms,Proceedings of 2023 IEEE Technology and Engineering Management Conference Asia Pacific Temscon Aspac 2023,,"[{'@_fa': 'true', '$': '[9798350384659]'}]",,,,2023-01-01,10.1109/TEMSCON-ASPAC59527.2023.10531538,6,"[{'name': 'Symbiosis Institute of Business Management, Pune', 'city': 'Pune', 'country': 'India'}]",Conference Proceeding,Conference Paper,[],,2023
84908668812,Improving inventory performance with clustering based demand forecasts,Journal of Modelling in Management,17465664,,17465672,7,23-37,2012-01-01,10.1108/17465661211208794,46,"[{'name': 'Xavier Institute of Management', 'city': 'Harirajpur', 'country': 'India'}]",Journal,Article,[],,2012
